Workbook

Sheet Clients
A1: 💧 WATER TREATMENT — CLIENT REGISTRY
A2: Client ID | B2: Company Name | C2: Contact Person | D2: Phone | E2: Email | F2: Site Address | G2: System Type | H2: Total Gallons | I2: Status | J2: Last Visit | K2: Next Follow-up
A3: CLT-001 | B3: Al-Nour Factory | C3: Ahmed Hassan | D3: 010-1234-5678 | E3: ahmed@alnour.com | F3: 10 Industrial Zone, Cairo | G3: Cooling Tower | H3: 50000 | I3: Active | J3: 2026-04-15 | K3: 2026-05-20
A4: CLT-002 | B4: Blue Sky Hotels | C4: Sara Mahmoud | D4: 012-9876-5432 | E4: sara@bluesky.com | F4: Corniche Rd, Alexandria | G4: Boiler System | H4: 15000 | I4: Active | J4: 2026-04-28 | K4: 2026-05-30
A5: CLT-003 | B5: Delta Steel | C5: Karim Fathy | D5: 011-5555-0000 | E5: kfathy@deltasteel.com | F5: Suez Industrial | G5: Closed Loop | H5: 80000 | I5: Follow-up | J5: 2026-03-10 | K5: 2026-05-18
A6: CLT-004 | B6: Oasis Resort | C6: Nadia Aly | D6: 010-2222-3333 | E6: nadia@oasis.com | F6: Hurghada Tourist Zone | G6: Swimming Pool | H6: 12000 | I6: Active | J6: 2026-05-01 | K6: 2026-06-01
A7: CLT-005 | B7: Cairo Pharma | C7: Dr. Youssef | D7: 010-8888-7777 | E7: youssef@cairopharma.com | F7: 6th October City | G7: RO System | H7: 8000 | I7: Inactive | J7: 2026-02-20 | K7: 2026-05-25
A9: STATUS LEGEND: | C9: Active | D9: Follow-up | E9: Inactive

Sheet Survey Log
A1: 🧪 WATER QUALITY SURVEY & FOLLOW-UP LOG
A2: SITE INFO | F2: PHYSICAL | H2: ALKALINITY | K2: HARDNESS | M2: IONS & METALS | P2: ORGANICS | S2: TREATMENT | U2: MISC
A3: Survey ID | B3: Client ID | C3: Site Name | D3: Date | E3: Gallons | F3: pH | G3: TDS (ppm) | H3: Conductivity (µS/cm) | I3: P-Alkalinity (ppm) | J3: M-Alkalinity (ppm) | K3: Total Hard. (ppm) | L3: Calcium Hard. (ppm) | M3: Chloride (ppm) | N3: Iron (ppm) | O3: Sulfite (ppm) | P3: Phosphate (ppm) | Q3: Tannin (ppm) | R3: OH-Alkalinity (ppm) | S3: CHZ (ppm) | T3: DEHA (ppm) | U3: Silica (ppm) | V3: Notes
A4: SRV-001 | B4: CLT-001 | C4: Al-Nour Factory | D4: 2026-04-15 | E4: 50000 | F4: 7.2 | G4: 320 | H4: 680 | I4: 45 | J4: 180 | K4: 250 | L4: 95 | M4: 85 | N4: 0.3 | O4: 12 | P4: 3.5 | Q4: 0.2 | R4: 0 | S4: 12 ppm | T4: 5 ppm | U4: 18 | V4: Looks good. Slight pH drift.
A5: SRV-002 | B5: CLT-002 | C5: Blue Sky Hotels | D5: 2026-04-28 | E5: 15000 | F5: 7.8 | G5: 210 | H5: 450 | I5: 30 | J5: 120 | K5: 180 | L5: 70 | M5: 60 | N5: 0.1 | O5: 8 | P5: 2.1 | Q5: 0.1 | R5: 0 | S5: 8 ppm | T5: 3 ppm | U5: 12 | V5: Within range.
A6: SRV-003 | B6: CLT-003 | C6: Delta Steel | D6: 2026-03-10 | E6: 80000 | F6: 6.9 | G6: 410 | H6: 890 | I6: 55 | J6: 220 | K6: 310 | L6: 120 | M6: 110 | N6: 0.5 | O6: 15 | P6: 5 | Q6: 0.4 | R6: 0 | S6: 15 ppm | T6: 7 ppm | U6: 25 | V6: High hardness. Dosing increased.

Sheet Dashboard
A1: 📊 DASHBOARD — WATER TREATMENT OVERVIEW
A3: Total Clients | C3: Active Sites | E3: Follow-up Required | G3: Inactive | I3: Total Surveys
A4: =COUNTA(Clients!A3:A100)-1 -> 5 | C4: =COUNTIF(Clients!I3:I100,"Active") -> 3 | E4: =COUNTIF(Clients!I3:I100,"Follow-up") -> 1 | G4: =COUNTIF(Clients!I3:I100,"Inactive") -> 1 | I4: =COUNTA('Survey Log'!A4:A1000) -> 3
A7: RECENT SURVEYS
A8: Survey ID | B8: Client | C8: Date | D8: pH | E8: TDS | F8: M-Alkalinity | G8: Total Hard. | H8: Chloride | I8: Iron | J8: Notes
A9: ='Survey Log'!A4 -> SRV-001 | B9: ='Survey Log'!C4 -> Al-Nour Factory | C9: ='Survey Log'!D4 -> 2026-04-15 | D9: ='Survey Log'!F4 -> 7.2 | E9: ='Survey Log'!G4 -> 320 | F9: ='Survey Log'!J4 -> 180 | G9: ='Survey Log'!K4 -> 250 | H9: ='Survey Log'!M4 -> 85 | I9: ='Survey Log'!N4 -> 0.3 | J9: ='Survey Log'!V4 -> Looks good. Slight pH drift.
A10: ='Survey Log'!A5 -> SRV-002 | B10: ='Survey Log'!C5 -> Blue Sky Hotels | C10: ='Survey Log'!D5 -> 2026-04-28 | D10: ='Survey Log'!F5 -> 7.8 | E10: ='Survey Log'!G5 -> 210 | F10: ='Survey Log'!J5 -> 120 | G10: ='Survey Log'!K5 -> 180 | H10: ='Survey Log'!M5 -> 60 | I10: ='Survey Log'!N5 -> 0.1 | J10: ='Survey Log'!V5 -> Within range.
A11: ='Survey Log'!A6 -> SRV-003 | B11: ='Survey Log'!C6 -> Delta Steel | C11: ='Survey Log'!D6 -> 2026-03-10 | D11: ='Survey Log'!F6 -> 6.9 | E11: ='Survey Log'!G6 -> 410 | F11: ='Survey Log'!J6 -> 220 | G11: ='Survey Log'!K6 -> 310 | H11: ='Survey Log'!M6 -> 110 | I11: ='Survey Log'!N6 -> 0.5 | J11: ='Survey Log'!V6 -> High hardness. Dosing increased.
A12: ='Survey Log'!A7 -> 0 | B12: ='Survey Log'!C7 -> 0 | C12: ='Survey Log'!D7 -> 0 | D12: ='Survey Log'!F7 -> 0 | E12: ='Survey Log'!G7 -> 0 | F12: ='Survey Log'!J7 -> 0 | G12: ='Survey Log'!K7 -> 0 | H12: ='Survey Log'!M7 -> 0 | I12: ='Survey Log'!N7 -> 0 | J12: ='Survey Log'!V7 -> 0
A13: ='Survey Log'!A8 -> 0 | B13: ='Survey Log'!C8 -> 0 | C13: ='Survey Log'!D8 -> 0 | D13: ='Survey Log'!F8 -> 0 | E13: ='Survey Log'!G8 -> 0 | F13: ='Survey Log'!J8 -> 0 | G13: ='Survey Log'!K8 -> 0 | H13: ='Survey Log'!M8 -> 0 | I13: ='Survey Log'!N8 -> 0 | J13: ='Survey Log'!V8 -> 0
